{
    "loss": 0.0369325689971447,
    "accuracy": 0.9928057789802551
}