{
    "loss": 0.2450011521577835,
    "accuracy": 0.935251772403717
}